Period ,Labour force  No. (â€˜000),Labour force Percentage change over the same period in preceding year (%),Unemployed ('000),Unemployment rate (seasonally adjusted) (%) ,Unemployment rate (not seasonally adjusted) (%) ,Underemployed ('000),Underemployment rate (%) 
1982,2498.1,N.A.,91.0,-,3.6,N.A.,N.A.
1983,2540.5,1.7,113.8,-,4.5,47.2,1.9
1984,2606.2,2.6,101.0,-,3.9,27.7,1.1
1985,2626.9,0.8,83.6,-,3.2,49.4,1.9
1986,2699.7,2.8,76.1,-,2.8,45.6,1.7
1987,2728.2,1.1,47.4,-,1.7,27.5,1.0
1988,2762.8,1.3,37.7,-,1.4,19.4,0.7
1989,2752.8,-0.4,29.7,-,1.1,20.9,0.8
1990,2748.1,-0.2,36.6,-,1.3,23.4,0.9
1991,2804.1,2.0,50.4,-,1.8,44.6,1.6
1992,2792.3,-0.4,54.7,-,2.0,58.3,2.1
1993,2856.4,2.3,56.3,-,2.0,45.9,1.6
1994,2929.0,2.5,56.2,-,1.9,41.4,1.4
1995,3000.7,2.4,95.6,-,3.2,62.8,2.1
1996 @,3160.8,3.1,87.4,-,2.8,52.0,1.6
1997,3234.8,2.3,71.2,-,2.2,37.1,1.1
1998,3276.1,1.3,154.1,-,4.7,81.8,2.5
1999,3319.6,1.3,207.5,-,6.2,96.9,2.9
2000,3374.2,1.6,166.9,-,4.9,93.5,2.8
2001,3427.3,1.6,174.3,-,5.1,84.8,2.5
2002,3472.6,1.3,254.2,-,7.3,104.4,3.0
2003,3465.8,-0.2,275.2,-,7.9,121.9,3.5
2004,3512.8,1.4,239.2,-,6.8,114.3,3.3
2005,3534.2,0.6,197.6,-,5.6,96.3,2.7
2006,3571.8,1.1,171.1,-,4.8,86.3,2.4
2007,3622.3,1.4,145.3,-,4.0,79.4,2.2
2008,3637.2,0.4,128.0,-,3.5,67.9,1.9
2009,3660.3,0.6,192.6,-,5.3,83.8,2.3
2010,3631.3,-0.8,157.2,-,4.3,72.5,2.0
2011,3703.1,2.0,126.7,-,3.4,63.3,1.7
2012,3782.2,2.1,124.3,-,3.3,57.2,1.5
2013,3855.1,1.9,131.1,-,3.4,58.3,1.5
2014,3871.1,0.4,127.6,-,3.3,56.8,1.5
2015,3903.2,0.8,129.4,-,3.3,53.3,1.4
2016,3920.1,0.4,133.0,-,3.4,54.7,1.4
2017,3946.6,0.7,123.4,-,3.1,45.6,1.2
2018,3979.0,0.8,112.0,-,2.8,43.2,1.1
8/1981 - 10/1981,2501.5,N.A,93.8,3.4,3.7,N.A,N.A
9/1981 - 11/1981,2479.1,N.A,86.8,3.2,3.5,N.A,N.A
10/1981 - 12/1981,2489.4,N.A,78.3,3.1,3.1,N.A,N.A
11/1981 - 1/1982,2479.8,N.A,73.8,3.1,3.0,N.A,N.A
12/1981 - 2/1982,2474.0,N.A,74.5,3.1,3.0,N.A,N.A
1/1982 - 3/1982,2483.3,N.A,81.4,3.2,3.3,N.A,N.A
2/1982 - 4/1982,2480.4,N.A,80.5,3.2,3.2,N.A,N.A
3/1982 - 5/1982,2480.0,N.A,76.6,3.3,3.1,N.A,N.A
4/1982 - 6/1982,2485.3,N.A,78.8,3.4,3.2,N.A,N.A
5/1982 - 7/1982,2487.6,N.A,85.8,3.6,3.4,N.A,N.A
6/1982 - 8/1982,2511.7,N.A,95.6,3.7,3.8,N.A,N.A
7/1982 - 9/1982,2512.8,N.A,100.5,3.9,4.0,N.A,N.A
8/1982 - 10/1982,2511.7,0.4,106.7,3.9,4.2,41.5,1.7
9/1982 - 11/1982,2501.3,0.9,106.4,3.9,4.3,46.9,1.9
10/1982 - 12/1982,2511.0,0.9,103.3,4.1,4.1,52.2,2.1
11/1982 - 1/1983,2494.5,0.6,109.5,4.6,4.4,58.6,2.4
12/1982 - 2/1983,2494.5,0.8,113.4,4.7,4.5,64.5,2.6
1/1983 - 3/1983,2497.8,0.6,127.2,5.0,5.1,63.2,2.5
2/1983 - 4/1983,2499.2,0.8,128.4,5.1,5.1,61.2,2.4
3/1983 - 5/1983,2513.3,1.3,123.1,5.2,4.9,54.1,2.2
4/1983 - 6/1983,2533.5,1.9,111.6,4.8,4.4,49.1,1.9
5/1983 - 7/1983,2557.2,2.8,101.6,4.1,4.0,42.4,1.7
6/1983 - 8/1983,2576.3,2.6,101.4,3.8,3.9,39.2,1.5
7/1983 - 9/1983,2568.2,2.2,106.3,4.0,4.1,39.9,1.6
8/1983 - 10/1983,2569.3,2.3,114.9,4.1,4.5,40.9,1.6
9/1983 - 11/1983,2563.6,2.5,115.7,4.2,4.5,40.0,1.6
10/1983 - 12/1983,2562.4,2.1,110.1,4.3,4.3,36.8,1.4
11/1983 - 1/1984,2556.8,2.5,96.6,3.9,3.8,38.7,1.5
12/1983 - 2/1984,2547.6,2.1,100.9,4.1,4.0,41.4,1.6
1/1984 - 3/1984,2539.8,1.7,101.2,3.9,4.0,37.8,1.5
2/1984 - 4/1984,2559.0,2.4,101.0,3.9,3.9,31.2,1.2
3/1984 - 5/1984,2586.9,2.9,94.1,3.9,3.6,24.3,0.9
4/1984 - 6/1984,2622.0,3.5,94.3,3.9,3.6,25.6,1.0
5/1984 - 7/1984,2635.9,3.1,98.0,3.9,3.7,23.2,0.9
6/1984 - 8/1984,2655.0,3.1,102.1,3.7,3.8,24.5,0.9
7/1984 - 9/1984,2643.7,2.9,102.2,3.7,3.9,25.6,1.0
8/1984 - 10/1984,2627.0,2.2,108.6,3.8,4.1,26.5,1.0
9/1984 - 11/1984,2615.2,2.0,108.6,3.8,4.2,24.9,1.0
10/1984 - 12/1984,2619.2,2.2,106.4,4.0,4.1,21.8,0.8
11/1984 - 1/1985,2629.2,2.8,93.8,3.7,3.6,27.1,1.0
12/1984 - 2/1985,2632.0,3.3,82.0,3.2,3.1,31.8,1.2
1/1985 - 3/1985,2594.4,2.2,77.6,2.9,3.0,39.7,1.5
2/1985 - 4/1985,2576.0,0.7,77.3,3.0,3.0,34.5,1.3
3/1985 - 5/1985,2592.8,0.2,77.0,3.2,3.0,34.6,1.3
4/1985 - 6/1985,2632.2,0.4,74.5,3.1,2.8,40.4,1.5
5/1985 - 7/1985,2656.5,0.8,82.1,3.2,3.1,47.6,1.8
6/1985 - 8/1985,2653.7,-0.1,91.9,3.4,3.5,53.4,2.0
7/1985 - 9/1985,2637.1,-0.2,95.1,3.5,3.6,55.4,2.1
8/1985 - 10/1985,2621.0,-0.2,92.9,3.3,3.5,55.5,2.1
9/1985 - 11/1985,2634.1,0.7,94.1,3.3,3.6,59.6,2.3
10/1985 - 12/1985,2644.1,0.9,87.3,3.3,3.3,62.1,2.3
11/1985 - 1/1986,2659.1,1.1,81.4,3.2,3.1,67.1,2.5
12/1985 - 2/1986,2636.5,0.2,78.5,3.1,3.0,53.9,2.0
1/1986 - 3/1986,2656.0,2.4,83.2,3.1,3.1,61.7,2.3
2/1986 - 4/1986,2659.0,3.2,84.0,3.2,3.2,57.7,2.2
3/1986 - 5/1986,2684.4,3.5,78.2,3.1,2.9,64.2,2.4
4/1986 - 6/1986,2704.9,2.8,80.9,3.2,3.0,52.2,1.9
5/1986 - 7/1986,2721.6,2.5,82.6,3.2,3.0,45.8,1.7
6/1986 - 8/1986,2727.9,2.8,87.3,3.1,3.2,39.9,1.5
7/1986 - 9/1986,2718.6,3.1,81.2,2.9,3.0,36.5,1.3
8/1986 - 10/1986,2711.9,3.5,76.1,2.6,2.8,35.4,1.3
9/1986 - 11/1986,2717.4,3.2,67.8,2.3,2.5,33.0,1.2
10/1986 - 12/1986,2719.4,2.9,58.9,2.1,2.2,31.8,1.2
11/1986 - 1/1987,2706.0,1.8,51.4,2.0,1.9,31.4,1.2
12/1986 - 2/1987,2661.4,0.9,49.4,2.0,1.9,27.3,1.0
1/1987 - 3/1987,2661.7,0.2,50.6,2.0,1.9,25.4,1.0
2/1987 - 4/1987,2679.9,0.8,48.3,1.9,1.8,24.7,0.9
3/1987 - 5/1987,2713.3,1.1,43.4,1.7,1.6,29.5,1.1
4/1987 - 6/1987,2716.3,0.4,41.2,1.7,1.5,29.4,1.1
5/1987 - 7/1987,2732.1,0.4,45.0,1.7,1.6,28.6,1.0
6/1987 - 8/1987,2750.4,0.8,48.2,1.6,1.8,27.3,1.0
7/1987 - 9/1987,2751.9,1.2,49.9,1.6,1.8,26.8,1.0
8/1987 - 10/1987,2763.8,1.9,51.2,1.7,1.9,28.0,1.0
9/1987 - 11/1987,2772.2,2.0,51.5,1.7,1.9,29.7,1.1
10/1987 - 12/1987,2782.9,2.3,47.7,1.7,1.7,28.4,1.0
11/1987 - 1/1988,2777.5,2.6,43.2,1.7,1.6,25.9,0.9
12/1987 - 2/1988,2757.3,3.6,37.6,1.5,1.4,22.6,0.8
1/1988 - 3/1988,2739.3,2.9,36.9,1.4,1.3,25.1,0.9
2/1988 - 4/1988,2731.0,1.9,38.0,1.5,1.4,24.6,0.9
3/1988 - 5/1988,2739.0,0.9,39.1,1.5,1.4,22.5,0.8
4/1988 - 6/1988,2745.7,1.1,42.8,1.7,1.6,18.8,0.7
5/1988 - 7/1988,2759.8,1.0,42.4,1.5,1.5,16.0,0.6
6/1988 - 8/1988,2773.2,0.8,46.6,1.5,1.7,16.4,0.6
7/1988 - 9/1988,2775.4,0.9,40.7,1.3,1.5,15.3,0.6
8/1988 - 10/1988,2772.4,0.3,37.6,1.2,1.4,16.9,0.6
9/1988 - 11/1988,2781.2,0.3,32.8,1.1,1.2,18.0,0.6
10/1988 - 12/1988,2790.8,0.3,30.6,1.1,1.1,18.3,0.7
11/1988 - 1/1989,2787.1,0.3,27.9,1.1,1.0,19.7,0.7
12/1988 - 2/1989,2766.8,0.3,24.9,1.1,0.9,17.1,0.6
1/1989 - 3/1989,2761.4,0.8,27.0,1.1,1.0,21.0,0.8
2/1989 - 4/1989,2745.9,0.5,31.8,1.2,1.2,21.9,0.8
3/1989 - 5/1989,2741.1,0.1,31.5,1.2,1.1,25.6,0.9
4/1989 - 6/1989,2736.0,-0.4,30.8,1.1,1.1,22.6,0.8
5/1989 - 7/1989,2740.5,-0.7,28.1,1.0,1.0,19.1,0.7
6/1989 - 8/1989,2747.8,-0.9,31.6,1.0,1.1,17.3,0.6
7/1989 - 9/1989,2742.6,-1.2,32.5,1.1,1.2,17.3,0.6
8/1989 - 10/1989,2743.1,-1.1,31.3,1.0,1.1,17.7,0.6
9/1989 - 11/1989,2760.6,-0.7,30.4,1.1,1.1,21.8,0.8
10/1989 - 12/1989,2771.3,-0.7,28.4,1.0,1.0,22.6,0.8
11/1989 - 1/1990,2768.9,-0.7,29.0,1.2,1.0,24.5,0.9
12/1989 - 2/1990,2742.5,-0.9,32.8,1.4,1.2,17.4,0.6
1/1990 - 3/1990,2743.5,-0.6,37.9,1.5,1.4,18.1,0.7
2/1990 - 4/1990,2743.7,-0.1,40.2,1.4,1.5,20.1,0.7
3/1990 - 5/1990,2747.5,0.2,35.7,1.4,1.3,26.6,1.0
4/1990 - 6/1990,2737.7,0.1,36.0,1.3,1.3,25.8,0.9
5/1990 - 7/1990,2736.2,-0.2,39.0,1.4,1.4,26.4,1.0
6/1990 - 8/1990,2736.6,-0.4,41.5,1.3,1.5,25.9,0.9
7/1990 - 9/1990,2736.4,-0.2,41.1,1.4,1.5,28.5,1.0
8/1990 - 10/1990,2748.8,0.2,36.8,1.2,1.3,26.6,1.0
9/1990 - 11/1990,2759.9,**,34.8,1.2,1.3,24.8,0.9
10/1990 - 12/1990,2774.7,0.1,31.2,1.2,1.1,21.4,0.8
11/1990 - 1/1991,2789.5,0.7,30.2,1.3,1.1,18.2,0.7
12/1990 - 2/1991,2784.9,1.6,31.7,1.4,1.1,30.2,1.1
1/1991 - 3/1991,2782.5,1.4,41.1,1.6,1.5,43.0,1.5
2/1991 - 4/1991,2772.9,1.1,50.9,1.7,1.8,57.1,2.1
3/1991 - 5/1991,2788.4,1.5,58.6,2.0,2.1,53.5,1.9
4/1991 - 6/1991,2790.6,1.9,58.3,1.9,2.1,46.7,1.7
5/1991 - 7/1991,2783.9,1.7,57.2,1.9,2.1,40.7,1.5
6/1991 - 8/1991,2785.3,1.8,55.6,1.8,2.0,40.5,1.5
7/1991 - 9/1991,2805.8,2.5,54.5,1.8,1.9,43.3,1.5
8/1991 - 10/1991,2824.8,2.8,52.3,1.8,1.9,44.5,1.6
9/1991 - 11/1991,2830.9,2.6,50.3,1.8,1.8,45.9,1.6
10/1991 - 12/1991,2837.6,2.3,47.8,1.9,1.7,45.3,1.6
11/1991 - 1/1992,2826.2,1.3,48.2,2.1,1.7,52.3,1.8
12/1991 - 2/1992,2802.0,0.6,51.8,2.2,1.8,54.9,2.0
1/1992 - 3/1992,2785.8,0.1,58.3,2.2,2.1,62.1,2.2
2/1992 - 4/1992,2780.6,0.3,62.8,2.0,2.3,62.2,2.2
3/1992 - 5/1992,2799.0,0.4,63.3,2.0,2.3,63.4,2.3
4/1992 - 6/1992,2801.3,0.4,57.4,1.9,2.1,62.0,2.2
5/1992 - 7/1992,2797.4,0.5,52.1,1.8,1.9,61.0,2.2
6/1992 - 8/1992,2776.7,-0.3,48.5,1.6,1.7,56.6,2.0
7/1992 - 9/1992,2765.0,-1.5,46.4,1.6,1.7,52.5,1.9
8/1992 - 10/1992,2781.7,-1.5,54.0,1.9,1.9,51.2,1.8
9/1992 - 11/1992,2797.8,-1.2,53.5,2.0,1.9,53.8,1.9
10/1992 - 12/1992,2817.1,-0.7,56.5,2.4,2.0,56.6,2.0
11/1992 - 1/1993,2817.7,-0.3,51.8,2.2,1.8,52.5,1.9
12/1992 - 2/1993,2827.8,0.9,57.7,2.2,2.0,48.2,1.7
1/1993 - 3/1993,2834.0,1.7,60.9,2.1,2.1,45.9,1.6
2/1993 - 4/1993,2838.0,2.1,61.4,1.9,2.2,50.1,1.8
3/1993 - 5/1993,2835.9,1.3,57.0,1.8,2.0,56.7,2.0
4/1993 - 6/1993,2832.1,1.1,56.9,1.8,2.0,56.7,2.0
5/1993 - 7/1993,2833.3,1.3,56.3,1.9,2.0,49.6,1.8
6/1993 - 8/1993,2835.0,2.1,55.5,1.9,2.0,41.8,1.5
7/1993 - 9/1993,2848.3,3.0,53.7,1.9,1.9,37.6,1.3
8/1993 - 10/1993,2856.6,2.7,55.9,2.0,2.0,42.1,1.5
9/1993 - 11/1993,2891.0,3.3,57.3,2.1,2.0,41.5,1.4
10/1993 - 12/1993,2911.2,3.3,53.7,2.1,1.8,43.3,1.5
11/1993 - 1/1994,2928.5,3.9,51.6,2.0,1.8,47.1,1.6
12/1993 - 2/1994,2921.0,3.3,49.3,1.8,1.7,46.4,1.6
1/1994 - 3/1994,2904.3,2.5,56.1,1.9,1.9,49.6,1.7
2/1994 - 4/1994,2888.5,1.8,54.1,1.7,1.9,43.3,1.5
3/1994 - 5/1994,2892.7,2.0,54.5,1.7,1.9,44.6,1.5
4/1994 - 6/1994,2918.0,3.0,47.1,1.5,1.6,38.0,1.3
5/1994 - 7/1994,2931.2,3.5,50.1,1.7,1.7,35.5,1.2
6/1994 - 8/1994,2915.6,2.8,56.6,1.9,1.9,32.3,1.1
7/1994 - 9/1994,2921.2,2.6,66.1,2.3,2.3,32.1,1.1
8/1994 - 10/1994,2941.7,3.0,66.3,2.2,2.3,37.1,1.3
9/1994 - 11/1994,2966.8,2.6,62.7,2.2,2.1,40.8,1.4
10/1994 - 12/1994,2972.4,2.1,55.5,2.0,1.9,46.0,1.5
11/1994 - 1/1995,2958.8,1.0,59.5,2.2,2.0,46.2,1.6
12/1994 - 2/1995,2934.4,0.5,67.3,2.4,2.3,43.0,1.5
1/1995 - 3/1995,2929.1,0.9,77.3,2.5,2.6,42.0,1.4
2/1995 - 4/1995,2950.3,2.1,82.8,2.6,2.8,44.7,1.5
3/1995 - 5/1995,2991.3,3.4,80.2,2.5,2.7,57.7,1.9
4/1995 - 6/1995,3009.1,3.1,88.6,2.9,2.9,63.5,2.1
5/1995 - 7/1995,3011.5,2.7,96.1,3.3,3.2,69.4,2.3
6/1995 - 8/1995,3018.0,3.5,108.4,3.6,3.6,75.0,2.5
7/1995 - 9/1995,3018.4,3.3,111.0,3.7,3.7,74.6,2.5
8/1995 - 10/1995,3033.4,3.1,113.4,3.6,3.7,70.7,2.3
9/1995 - 11/1995,3045.3,2.6,112.9,3.7,3.7,66.0,2.2
10/1995 - 12/1995,3046.2,2.5,105.6,3.7,3.5,70.9,2.3
11/1995 - 1/1996,3055.5,3.3,96.2,3.4,3.1,72.7,2.4
12/1995 - 2/1996,3062.7,4.4,90.5,3.1,3.0,67.3,2.2
1/1996 - 3/1996,3065.3,4.7,91.8,2.9,3.0,60.1,2.0
2/1996 - 4/1996,3065.1,3.9,94.3,2.9,3.1,56.3,1.8
3/1996 - 5/1996,3071.9,2.7,92.4,3.0,3.0,57.1,1.9
4/1996 - 6/1996 @,3191.8,2.7,92.8,2.9,2.9,56.0,1.8
5/1996 - 7/1996 @,3183.8,2.3,89.6,2.9,2.8,50.7,1.6
6/1996 - 8/1996 @,3178.7,1.9,87.4,2.7,2.8,44.6,1.4
7/1996 - 9/1996 @,3179.4,1.9,82.9,2.6,2.6,42.5,1.3
8/1996 - 10/1996 @,3186.1,2.0,81.6,2.5,2.6,45.7,1.4
9/1996 - 11/1996 @,3195.7,2.5,85.0,2.6,2.7,47.6,1.5
10/1996 - 12/1996 @,3206.5,3.2,82.3,2.5,2.6,49.3,1.5
11/1996 - 1/1997 @,3219.3,3.3,75.1,2.5,2.3,43.1,1.3
12/1996 - 2/1997 @,3217.3,3.0,69.2,2.3,2.2,36.5,1.1
1/1997 - 3/1997 @,3216.1,3.1,71.5,2.3,2.2,34.3,1.1
2/1997 - 4/1997 @,3218.2,3.1,73.6,2.3,2.3,37.1,1.2
3/1997 - 5/1997 @,3213.3,2.8,70.8,2.2,2.2,39.8,1.2
4/1997 - 6/1997,3213.1,0.7,68.2,2.2,2.1,39.1,1.2
5/1997 - 7/1997,3199.6,0.5,69.2,2.2,2.2,36.9,1.2
6/1997 - 8/1997,3206.9,0.9,71.2,2.1,2.2,36.4,1.1
7/1997 - 9/1997,3213.3,1.1,69.6,2.1,2.2,32.5,1.0
8/1997 - 10/1997,3246.0,1.9,73.7,2.2,2.3,32.8,1.0
9/1997 - 11/1997,3276.3,2.5,74.9,2.2,2.3,36.1,1.1
10/1997 - 12/1997,3296.9,2.8,75.6,2.2,2.3,42.5,1.3
11/1997 - 1/1998,3283.7,2.0,72.5,2.4,2.2,47.7,1.5
12/1997 - 2/1998,3265.7,1.5,87.4,3.0,2.7,52.0,1.6
1/1998 - 3/1998,3246.8,1.0,105.6,3.3,3.3,62.2,1.9
2/1998 - 4/1998,3242.5,0.8,119.9,3.6,3.7,70.2,2.2
3/1998 - 5/1998,3242.5,0.9,126.8,3.9,3.9,82.5,2.5
4/1998 - 6/1998,3257.7,1.4,140.3,4.3,4.3,82.6,2.5
5/1998 - 7/1998,3267.8,2.1,156.6,4.8,4.8,85.3,2.6
6/1998 - 8/1998,3291.5,2.6,170.8,4.9,5.2,82.7,2.5
7/1998 - 9/1998,3290.2,2.4,175.7,5.2,5.3,86.2,2.6
8/1998 - 10/1998,3296.8,1.6,184.7,5.4,5.6,88.2,2.7
9/1998 - 11/1998,3295.2,0.6,187.2,5.5,5.7,94.1,2.9
10/1998 - 12/1998,3309.6,0.4,194.6,5.9,5.9,96.3,2.9
11/1998 - 1/1999,3313.5,0.9,194.6,6.4,5.9,101.8,3.1
12/1998 - 2/1999,3294.6,0.9,197.3,6.4,6.0,96.5,2.9
1/1999 - 3/1999,3296.9,1.5,204.2,6.3,6.2,97.9,3.0
2/1999 - 4/1999,3305.3,1.9,207.2,6.2,6.3,92.9,2.8
3/1999 - 5/1999,3324.7,2.5,206.7,6.2,6.2,97.1,2.9
4/1999 - 6/1999,3325.8,2.1,202.5,6.1,6.1,94.1,2.8
5/1999 - 7/1999,3328.6,1.9,207.4,6.1,6.2,96.8,2.9
6/1999 - 8/1999,3324.8,1.0,211.7,6.1,6.4,96.0,2.9
7/1999 - 9/1999,3315.8,0.8,214.4,6.3,6.5,102.2,3.1
8/1999 - 10/1999,3324.2,0.8,216.1,6.3,6.5,102.9,3.1
9/1999 - 11/1999,3335.8,1.2,215.6,6.3,6.5,100.0,3.0
10/1999 - 12/1999,3339.8,0.9,208.7,6.3,6.2,93.5,2.8
11/1999 - 1/2000,3330.3,0.5,192.9,6.0,5.8,89.5,2.7
12/1999 - 2/2000,3324.8,0.9,190.0,5.9,5.7,85.0,2.6
1/2000 - 3/2000,3337.1,1.2,182.6,5.6,5.5,93.3,2.8
2/2000 - 4/2000,3350.0,1.4,179.3,5.3,5.4,99.0,3.0
3/2000 - 5/2000,3360.8,1.1,167.4,5.1,5.0,107.4,3.2
4/2000 - 6/2000,3365.9,1.2,168.1,5.1,5.0,104.3,3.1
5/2000 - 7/2000,3372.6,1.3,171.0,5.0,5.1,100.2,3.0
6/2000 - 8/2000,3381.0,1.7,171.5,4.9,5.1,94.0,2.8
7/2000 - 9/2000,3391.6,2.3,167.2,4.8,4.9,87.8,2.6
8/2000 - 10/2000,3389.4,2.0,163.8,4.7,4.8,85.4,2.5
9/2000 - 11/2000,3392.2,1.7,156.3,4.5,4.6,88.2,2.6
10/2000 - 12/2000,3402.2,1.9,149.6,4.4,4.4,88.7,2.6
11/2000 - 1/2001,3413.4,2.5,142.9,4.4,4.2,89.5,2.6
12/2000 - 2/2001,3413.5,2.7,147.2,4.5,4.3,82.1,2.4
1/2001 - 3/2001,3406.5,2.1,150.1,4.5,4.4,76.9,2.3
2/2001 - 4/2001,3411.4,1.8,153.7,4.5,4.5,74.1,2.2
3/2001 - 5/2001,3417.4,1.7,152.6,4.5,4.5,77.2,2.3
4/2001 - 6/2001,3412.7,1.4,153.1,4.5,4.5,75.1,2.2
5/2001 - 7/2001,3417.5,1.3,161.1,4.5,4.7,74.3,2.2
6/2001 - 8/2001,3425.6,1.3,172.4,4.8,5.0,75.1,2.2
7/2001 - 9/2001,3438.1,1.4,185.6,5.2,5.4,84.1,2.4
8/2001 - 10/2001,3443.5,1.6,194.2,5.5,5.6,90.3,2.6
9/2001 - 11/2001,3441.5,1.5,204.4,6.0,5.9,97.0,2.8
10/2001 - 12/2001,3446.1,1.3,209.6,6.3,6.1,103.2,3.0
11/2001 - 1/2002,3448.3,1.0,218.1,6.7,6.3,110.4,3.2
12/2001 - 2/2002,3450.0,1.1,226.1,6.8,6.6,107.7,3.1
1/2002 - 3/2002,3450.4,1.3,236.5,7.0,6.9,107.7,3.1
2/2002 - 4/2002,3440.2,0.8,243.3,7.1,7.1,103.1,3.0
3/2002 - 5/2002,3442.9,0.7,250.5,7.3,7.3,106.5,3.1
4/2002 - 6/2002,3452.1,1.2,261.5,7.5,7.6,99.2,2.9
5/2002 - 7/2002,3486.8,2.0,272.8,7.5,7.8,97.3,2.8
6/2002 - 8/2002,3497.8,2.1,272.5,7.4,7.8,100.2,2.9
7/2002 - 9/2002,3501.6,1.8,266.5,7.3,7.6,100.7,2.9
8/2002 - 10/2002,3500.0,1.6,258.4,7.3,7.4,106.2,3.0
9/2002 - 11/2002,3501.0,1.7,252.3,7.3,7.2,103.5,3.0
10/2002 - 12/2002,3492.0,1.3,250.6,7.4,7.2,107.8,3.1
11/2002 - 1/2003,3488.1,1.2,243.3,7.4,7.0,105.4,3.0
12/2002 - 2/2003,3470.6,0.6,252.8,7.6,7.3,98.7,2.8
1/2003 - 3/2003,3467.2,0.5,256.4,7.5,7.4,98.6,2.8
2/2003 - 4/2003,3463.3,0.7,270.2,7.8,7.8,110.4,3.2
3/2003 - 5/2003,3466.0,0.7,283.5,8.2,8.2,132.1,3.8
4/2003 - 6/2003,3470.9,0.5,296.5,8.5,8.5,148.1,4.3
5/2003 - 7/2003,3473.8,-0.4,306.8,8.4,8.8,146.2,4.2
6/2003 - 8/2003,3483.0,-0.4,307.7,8.4,8.8,139.8,4.0
7/2003 - 9/2003,3473.6,-0.8,296.5,8.2,8.5,124.9,3.6
8/2003 - 10/2003,3468.2,-0.9,280.5,8.0,8.1,119.0,3.4
9/2003 - 11/2003,3470.0,-0.9,262.9,7.6,7.6,115.1,3.3
10/2003 - 12/2003,3478.3,-0.4,251.1,7.5,7.2,114.0,3.3
11/2003 - 1/2004,3476.0,-0.3,242.9,7.5,7.0,113.7,3.3
12/2003 - 2/2004,3486.4,0.5,243.1,7.3,7.0,112.1,3.2
1/2004 - 3/2004,3497.3,0.9,247.9,7.2,7.1,116.7,3.3
2/2004 - 4/2004,3495.6,0.9,247.3,7.1,7.1,117.5,3.4
3/2004 - 5/2004,3500.1,1.0,242.5,6.9,6.9,119.7,3.4
4/2004 - 6/2004,3509.6,1.1,238.9,6.7,6.8,120.1,3.4
5/2004 - 7/2004,3521.5,1.4,246.5,6.6,7.0,120.1,3.4
6/2004 - 8/2004,3528.7,1.3,247.1,6.6,7.0,116.1,3.3
7/2004 - 9/2004,3519.6,1.3,247.3,6.7,7.0,111.2,3.2
8/2004 - 10/2004,3528.2,1.7,237.9,6.7,6.7,109.9,3.1
9/2004 - 11/2004,3532.2,1.8,233.6,6.7,6.6,110.1,3.1
10/2004 - 12/2004,3537.2,1.7,223.6,6.6,6.3,108.2,3.1
11/2004 - 1/2005,3531.8,1.6,210.4,6.4,6.0,108.2,3.1
12/2004 - 2/2005,3520.5,1.0,205.6,6.1,5.8,102.9,2.9
1/2005 - 3/2005,3526.5,0.8,206.4,6.0,5.9,107.3,3.0
2/2005 - 4/2005,3518.9,0.7,206.0,5.9,5.9,104.3,3.0
3/2005 - 5/2005,3524.4,0.7,201.3,5.7,5.7,105.3,3.0
4/2005 - 6/2005,3527.9,0.5,201.6,5.7,5.7,98.5,2.8
5/2005 - 7/2005,3541.4,0.6,213.3,5.7,6.0,97.2,2.7
6/2005 - 8/2005,3553.0,0.7,212.3,5.6,6.0,94.7,2.7
7/2005 - 9/2005,3546.9,0.8,202.7,5.4,5.7,92.4,2.6
8/2005 - 10/2005,3550.3,0.6,190.5,5.3,5.4,88.3,2.5
9/2005 - 11/2005,3545.4,0.4,187.0,5.4,5.3,86.1,2.4
10/2005 - 12/2005,3551.0,0.4,178.4,5.2,5.0,86.8,2.4
11/2005 - 1/2006,3545.0,0.4,170.4,5.2,4.8,83.0,2.3
12/2005 - 2/2006,3537.9,0.5,172.5,5.1,4.9,79.8,2.3
1/2006 - 3/2006,3552.4,0.7,177.5,5.1,5.0,80.1,2.3
2/2006 - 4/2006,3548.1,0.8,176.8,5.0,5.0,82.7,2.3
3/2006 - 5/2006,3550.2,0.7,171.1,4.9,4.8,91.6,2.6
4/2006 - 6/2006,3546.1,0.5,176.2,4.9,5.0,93.0,2.6
5/2006 - 7/2006,3577.5,1.0,184.8,4.9,5.2,90.6,2.5
6/2006 - 8/2006,3599.1,1.3,186.8,4.8,5.2,86.8,2.4
7/2006 - 9/2006,3611.5,1.8,177.6,4.6,4.9,84.0,2.3
8/2006 - 10/2006,3609.4,1.7,165.9,4.6,4.6,87.7,2.4
9/2006 - 11/2006,3615.4,2.0,158.2,4.5,4.4,88.8,2.5
10/2006 - 12/2006,3616.1,1.8,153.6,4.5,4.2,87.5,2.4
11/2006 - 1/2007,3622.9,2.2,149.6,4.5,4.1,83.5,2.3
12/2006 - 2/2007,3611.4,2.1,146.5,4.3,4.1,80.1,2.2
1/2007 - 3/2007,3604.0,1.5,152.1,4.3,4.2,80.1,2.2
2/2007 - 4/2007,3604.6,1.6,156.5,4.3,4.3,77.0,2.1
3/2007 - 5/2007,3611.4,1.7,155.9,4.3,4.3,78.8,2.2
4/2007 - 6/2007,3621.6,2.1,156.3,4.2,4.3,81.0,2.2
5/2007 - 7/2007,3633.4,1.6,159.0,4.1,4.4,83.5,2.3
6/2007 - 8/2007,3652.6,1.5,167.2,4.2,4.6,84.2,2.3
7/2007 - 9/2007,3642.2,0.8,156.5,4.1,4.3,80.4,2.2
8/2007 - 10/2007,3623.1,0.4,143.7,4.0,4.0,81.9,2.3
9/2007 - 11/2007,3615.8,0.0,128.2,3.7,3.5,79.3,2.2
10/2007 - 12/2007,3631.3,0.4,118.2,3.4,3.3,74.5,2.1
11/2007 - 1/2008,3643.4,0.6,113.5,3.4,3.1,74.5,2.0
12/2007 - 2/2008,3631.6,0.6,111.4,3.3,3.1,68.1,1.9
1/2008 - 3/2008,3627.4,0.6,117.9,3.3,3.2,69.7,1.9
2/2008 - 4/2008,3628.8,0.7,119.7,3.3,3.3,65.1,1.8
3/2008 - 5/2008,3627.3,0.4,121.2,3.3,3.3,66.9,1.8
4/2008 - 6/2008,3627.0,0.1,120.8,3.2,3.3,67.8,1.9
5/2008 - 7/2008,3632.5,0.0,124.1,3.2,3.4,69.9,1.9
6/2008 - 8/2008,3648.1,-0.1,128.5,3.3,3.5,68.6,1.9
7/2008 - 9/2008,3644.8,0.1,133.1,3.5,3.7,66.1,1.8
8/2008 - 10/2008,3639.7,0.5,130.9,3.6,3.6,61.8,1.7
9/2008 - 11/2008,3633.1,0.5,136.0,3.9,3.7,64.5,1.8
10/2008 - 12/2008,3647.2,0.4,140.5,4.1,3.9,68.7,1.9
11/2008 - 1/2009,3651.5,0.2,156.9,4.6,4.3,75.3,2.1
12/2008 - 2/2009,3660.1,0.8,171.8,5.1,4.7,74.9,2.0
1/2009 - 3/2009,3666.7,1.1,187.2,5.2,5.1,77.9,2.1
2/2009 - 4/2009,3664.1,1.0,196.5,5.3,5.4,78.1,2.1
3/2009 - 5/2009,3678.2,1.4,198.4,5.3,5.4,84.0,2.3
4/2009 - 6/2009,3672.4,1.3,201.9,5.3,5.5,83.3,2.3
5/2009 - 7/2009,3681.1,1.3,212.2,5.4,5.8,87.6,2.4
6/2009 - 8/2009,3679.2,0.9,215.6,5.5,5.9,86.9,2.4
7/2009 - 9/2009,3673.9,0.8,207.8,5.4,5.7,88.6,2.4
8/2009 - 10/2009,3650.2,0.3,188.2,5.2,5.2,87.5,2.4
9/2009 - 11/2009,3648.8,0.4,179.5,5.1,4.9,88.8,2.4
10/2009 - 12/2009,3632.2,-0.4,171.4,5.0,4.7,83.3,2.3
11/2009 - 1/2010,3638.5,-0.4,166.2,4.9,4.6,78.8,2.2
12/2009 - 2/2010,3624.1,-1.0,158.3,4.7,4.4,76.0,2.1
1/2010 - 3/2010,3623.2,-1.2,161.1,4.6,4.4,78.3,2.2
2/2010 - 4/2010,3619.8,-1.2,165.1,4.5,4.6,75.2,2.1
3/2010 - 5/2010,3618.5,-1.6,172.8,4.6,4.8,73.3,2.0
4/2010 - 6/2010,3626.7,-1.2,172.7,4.6,4.8,72.3,2.0
5/2010 - 7/2010,3629.1,-1.4,166.7,4.3,4.6,72.0,2.0
6/2010 - 8/2010,3638.7,-1.1,166.4,4.3,4.6,69.9,1.9
7/2010 - 9/2010,3639.3,-0.9,160.0,4.2,4.4,70.8,1.9
8/2010 - 10/2010,3640.8,-0.3,151.9,4.2,4.2,70.1,1.9
9/2010 - 11/2010,3640.7,-0.2,141.5,4.0,3.9,71.0,1.9
10/2010 - 12/2010,3650.4,0.5,134.6,3.9,3.7,66.3,1.8
11/2010 - 1/2011,3662.4,0.7,128.6,3.8,3.5,66.9,1.8
12/2010 - 2/2011,3654.2,0.8,122.5,3.6,3.4,61.2,1.7
1/2011 - 3/2011,3658.2,1.0,124.0,3.5,3.4,65.6,1.8
2/2011 - 4/2011,3674.4,1.5,132.1,3.6,3.6,68.0,1.9
3/2011 - 5/2011,3693.3,2.1,135.8,3.6,3.7,68.7,1.9
4/2011 - 6/2011,3701.7,2.1,137.6,3.6,3.7,65.0,1.8
5/2011 - 7/2011,3714.5,2.4,137.5,3.5,3.7,64.3,1.7
6/2011 - 8/2011,3720.4,2.2,130.1,3.3,3.5,67.8,1.8
7/2011 - 9/2011,3724.8,2.4,126.7,3.3,3.4,65.7,1.8
8/2011 - 10/2011,3721.0,2.2,124.8,3.3,3.4,58.3,1.6
9/2011 - 11/2011,3723.0,2.3,120.9,3.3,3.2,54.9,1.5
10/2011 - 12/2011,3731.4,2.2,116.6,3.3,3.1,52.7,1.4
11/2011 - 1/2012,3735.5,2.0,112.8,3.2,3.0,54.9,1.5
12/2011 - 2/2012,3754.5,2.7,119.3,3.4,3.2,56.4,1.5
1/2012 - 3/2012,3760.4,2.8,123.3,3.3,3.3,58.8,1.6
2/2012 - 4/2012,3758.1,2.3,124.3,3.3,3.3,58.0,1.5
3/2012 - 5/2012,3768.7,2.0,123.7,3.2,3.3,54.4,1.4
4/2012 - 6/2012,3781.8,2.2,127.1,3.3,3.4,54.9,1.5
5/2012 - 7/2012,3791.9,2.1,129.0,3.2,3.4,56.8,1.5
6/2012 - 8/2012,3792.0,1.9,130.8,3.3,3.4,63.3,1.7
7/2012 - 9/2012,3776.4,1.4,132.1,3.4,3.5,59.4,1.6
8/2012 - 10/2012,3780.1,1.6,129.9,3.4,3.4,57.4,1.5
9/2012 - 11/2012,3776.9,1.4,126.4,3.4,3.3,53.5,1.4
10/2012 - 12/2012,3789.8,1.6,116.6,3.2,3.1,56.2,1.5
11/2012 - 1/2013,3809.1,2.0,122.3,3.5,3.2,60.0,1.6
12/2012 - 2/2013,3815.9,1.6,124.7,3.5,3.3,58.5,1.5
1/2013 - 3/2013,3832.8,1.9,133.9,3.5,3.5,60.4,1.6
2/2013 - 4/2013,3830.6,1.9,134.5,3.5,3.5,61.0,1.6
3/2013 - 5/2013,3848.3,2.1,135.2,3.5,3.5,62.8,1.6
4/2013 - 6/2013,3856.7,2.0,133.3,3.4,3.5,61.4,1.6
5/2013 - 7/2013,3862.6,1.9,135.2,3.3,3.5,59.0,1.5
6/2013 - 8/2013,3869.6,2.0,136.3,3.3,3.5,59.1,1.5
7/2013 - 9/2013,3864.8,2.3,134.6,3.3,3.5,56.8,1.5
8/2013 - 10/2013,3852.3,1.9,129.8,3.3,3.4,56.6,1.5
9/2013 - 11/2013,3843.0,1.8,127.8,3.3,3.3,55.0,1.4
10/2013 - 12/2013,3857.8,1.8,118.5,3.2,3.1,55.6,1.4
11/2013 - 1/2014,3858.7,1.3,113.5,3.2,2.9,51.3,1.3
12/2013 - 2/2014,3826.9,0.3,112.3,3.1,2.9,47.0,1.2
1/2014 - 3/2014,3817.0,-0.4,119.0,3.2,3.1,48.4,1.3
2/2014 - 4/2014,3821.1,-0.2,122.1,3.2,3.2,53.9,1.4
3/2014 - 5/2014,3839.7,-0.2,122.2,3.2,3.2,60.7,1.6
4/2014 - 6/2014,3851.0,-0.1,127.6,3.2,3.3,58.3,1.5
5/2014 - 7/2014,3875.7,0.3,134.5,3.3,3.5,57.7,1.5
6/2014 - 8/2014,3897.9,0.7,137.2,3.3,3.5,55.0,1.4
7/2014 - 9/2014,3893.6,0.7,135.0,3.3,3.5,57.3,1.5
8/2014 - 10/2014,3887.0,0.9,131.3,3.3,3.4,58.1,1.5
9/2014 - 11/2014,3886.3,1.1,128.1,3.3,3.3,62.3,1.6
10/2014 - 12/2014,3895.3,1.0,122.6,3.3,3.1,62.9,1.6
11/2014 - 1/2015,3902.4,1.1,120.2,3.3,3.1,61.7,1.6
12/2014 - 2/2015,3908.1,2.1,121.4,3.3,3.1,57.3,1.5
1/2015 - 3/2015,3908.0,2.4,126.5,3.3,3.2,53.4,1.4
2/2015 - 4/2015,3893.4,1.9,127.2,3.3,3.3,49.5,1.3
3/2015 - 5/2015,3881.2,1.1,127.0,3.3,3.3,53.0,1.4
4/2015 - 6/2015,3890.9,1.0,129.2,3.3,3.3,55.5,1.4
5/2015 - 7/2015,3905.1,0.8,133.2,3.3,3.4,56.3,1.4
6/2015 - 8/2015,3919.5,0.6,137.7,3.3,3.5,55.1,1.4
7/2015 - 9/2015,3908.2,0.4,137.0,3.3,3.5,53.2,1.4
8/2015 - 10/2015,3898.8,0.3,133.9,3.3,3.4,53.6,1.4
9/2015 - 11/2015,3899.7,0.3,130.3,3.3,3.3,52.4,1.3
10/2015 - 12/2015,3903.9,0.2,123.6,3.3,3.2,53.1,1.4
11/2015 - 1/2016,3909.3,0.2,122.1,3.4,3.1,53.3,1.4
12/2015 - 2/2016,3910.5,0.1,122.9,3.4,3.1,50.6,1.3
1/2016 - 3/2016,3914.1,0.2,131.1,3.4,3.3,53.5,1.4
2/2016 - 4/2016,3908.5,0.4,134.5,3.4,3.4,53.3,1.4
3/2016 - 5/2016,3902.5,0.5,134.7,3.4,3.5,56.4,1.4
4/2016 - 6/2016,3911.2,0.5,136.9,3.4,3.5,54.5,1.4
5/2016 - 7/2016,3922.4,0.4,139.1,3.4,3.5,56.1,1.4
6/2016 - 8/2016,3933.0,0.3,141.7,3.4,3.6,56.1,1.4
7/2016 - 9/2016,3925.7,0.4,140.0,3.4,3.6,55.8,1.4
8/2016 - 10/2016,3918.9,0.5,136.3,3.4,3.5,55.8,1.4
9/2016 - 11/2016,3907.3,0.2,131.0,3.4,3.4,55.1,1.4
10/2016 - 12/2016,3909.5,0.1,122.4,3.3,3.1,54.6,1.4
11/2016 - 1/2017,3922.1,0.3,121.2,3.3,3.1,50.3,1.3
12/2016 - 2/2017,3928.4,0.5,121.3,3.3,3.1,48.2,1.2
1/2017 - 3/2017,3931.7,0.4,126.7,3.3,3.2,48.9,1.2
2/2017 - 4/2017,3925.1,0.4,127.1,3.2,3.2,49.5,1.3
3/2017 - 5/2017,3927.0,0.6,127.6,3.2,3.2,48.0,1.2
4/2017 - 6/2017,3931.1,0.5,125.7,3.1,3.2,46.2,1.2
5/2017 - 7/2017,3945.9,0.6,130.2,3.2,3.3,45.2,1.1
6/2017 - 8/2017,3952.7,0.5,131.1,3.1,3.3,46.6,1.2
7/2017 - 9/2017,3946.9,0.5,129.4,3.1,3.3,44.9,1.1
8/2017 - 10/2017,3947.3,0.7,124.2,3.1,3.1,44.7,1.1
9/2017 - 11/2017,3945.9,1.0,118.8,3.0,3.0,42.0,1.1
10/2017 - 12/2017,3950.2,1.0,109.8,3.0,2.8,42.4,1.1
11/2017 - 1/2018,3963.0,1.0,106.1,2.9,2.7,40.1,1.0
12/2017 - 2/2018,3972.4,1.1,106.5,2.9,2.7,40.2,1.0
1/2018 - 3/2018,3975.4,1.1,111.6,2.9,2.8,38.8,1.0
2/2018 - 4/2018,3970.1,1.1,112.6,2.8,2.8,41,1.0
3/2018 - 5/2018,3963.7,0.9,112.1,2.8,2.8,40.9,1.0
4/2018 - 6/2018,3969.4,1.0,112.5,2.8,2.8,41.4,1.0
5/2018 - 7/2018,3977.2,0.8,114.9,2.8,2.9,44.1,1.1
6/2018 - 8/2018,3991.8,1.0,117.9,2.8,3.0,45.5,1.1
7/2018 - 9/2018,3985.1,1.0,118.1,2.8,3.0,47.4,1.2
8/2018 - 10/2018,3981.5,0.9,116.2,2.8,2.9,46.7,1.2
9/2018 - 11/2018,3971.1,0.6,110.8,2.8,2.8,45.9,1.2
10/2018 - 12/2018,3973.4,0.6,105.7,2.8,2.7,44.5,1.1
11/2018 - 1/2019,3974.4,0.3,101.8,2.8,2.6,42.2,1.1
12/2018 - 2/2019,3969.2,-0.1,102.5,2.8,2.6,40.3,1.0
1/2019 - 3/2019,3970.8,-0.1,110.4,2.8,2.8,38.9,1.0
2/2019 - 4/2019,3977.3,0.2,112.3,2.8,2.8,38.0,1.0
3/2019 - 5/2019,3983.3,0.5,114.1,2.8,2.9,39.2,1.0
4/2019 - 6/2019,3985.0,0.4,114.3,2.8,2.9,41.2,1.0
5/2019 - 7/2019,3985.8,0.2,118.5,2.9,3.0,40.7,1.0
6/2019 - 8/2019,3984.2,-0.2,120.6,2.9,3.0,41.0,1.0
7/2019 - 9/2019 #,3975.7,-0.2,120.3,2.9,3.0,41.5,1.0